year,sector,prodcom,product_label,quantity,prodcom_unit,quantity_flag,cn8_code,extra_eu_import_quantity_100kg,product,prodcom_unit_code,official_prodcom_cn_reference,production_kg,extra_eu_import_kg,production_confidential,extra_eu_import_share_prod_plus_import_pct
2008,C20,20141130,Ethylene,11942340149,KG,:R,29012100,14475950.51,Ethylene,KG,Reference to HS/CN: 2901 21,11942340149.0,1447595051.0,False,10.811068383661782
2009,C20,20141130,Ethylene,9925745293,KG,,29012100,12290100.53,Ethylene,KG,Reference to HS/CN: 2901 21,9925745293.0,1229010053.0,False,11.017812716445748
2010,C20,20141130,Ethylene,12254214388,KG,:R,29012100,11949305.09,Ethylene,KG,Reference to HS/CN: 2901 21,12254214388.0,1194930509.0,False,8.884806566895893
2011,C20,20141130,Ethylene,12205877854,KG,:R,29012100,11784767.1,Ethylene,KG,Reference to HS/CN: 2901 21,12205877854.0,1178476710.0,False,8.804882628929734
2012,C20,20141130,Ethylene,11713151143,KG,,29012100,10051483.95,Ethylene,KG,Reference to HS/CN: 2901 21,11713151143.0,1005148394.9999999,False,7.903166551446572
2013,C20,20141130,Ethylene,10341059562,KG,,29012100,11650942.44,Ethylene,KG,Reference to HS/CN: 2901 21,10341059562.0,1165094244.0,False,10.12583582354383
2014,C20,20141130,Ethylene,11024052039,KG,,29012100,8140493.33,Ethylene,KG,Reference to HS/CN: 2901 21,11024052039.0,814049333.0,False,6.876519362517248
2015,C20,20141130,Ethylene,10657337064,KG,,29012100,11288497.22,Ethylene,KG,Reference to HS/CN: 2901 21,10657337064.0,1128849722.0,False,9.577734873003056
2016,C20,20141130,Ethylene,10860380936,KG,:E,29012100,12494754.16,Ethylene,KG,Reference to HS/CN: 2901 21,10860380936.0,1249475416.0,False,10.317838458865312
2017,C20,20141130,Ethylene,11744647134,KG,,29012100,13260811.02,Ethylene,KG,Reference to HS/CN: 2901 21,11744647134.0,1326081102.0,False,10.145426314867802
2018,C20,20141130,Ethylene,10690057552,KG,,29012100,13781882.66,Ethylene,KG,Reference to HS/CN: 2901 21,10690057552.0,1378188266.0,False,11.419955201313583
2019,C20,20141130,Ethylene,9817689027,KG,,29012100,14192513.76,Ethylene,KG,Reference to HS/CN: 2901 21,9817689027.0,1419251376.0,False,12.63022962746241
2020,C20,20141130,Ethylene,9735333157,KG,,29012100,12970941.11,Ethylene,KG,Reference to HS/CN: 2901 21,9735333157.0,1297094111.0,False,11.757105480878844
2021,C20,20141130,Ethylene,10000000000,KG,:R,29012100,8898518.83,Ethylene,KG,Reference to HS/CN: 2901 21,10000000000.0,889851883.0,False,8.17138646659773
2022,C20,20141130,Ethylene,9087159767,KG,:E,29012100,12503339.99,Ethylene,KG,Reference to HS/CN: 2901 21,9087159767.0,1250333999.0,False,12.09513666757746
2008,C20,20165130,"Polypropylene, in primary forms",9436742620,KG,,39021000,5706035.45,Polypropylene,KG,Reference to HS/CN: 3902 10,9436742620.0,570603545.0,False,5.701846779275472
2009,C20,20165130,"Polypropylene, in primary forms",9630680471,KG,,39021000,4867110.3,Polypropylene,KG,Reference to HS/CN: 3902 10,9630680471.0,486711030.0,False,4.810637504260793
2010,C20,20165130,"Polypropylene, in primary forms",8481975833,KG,,39021000,7181192.08,Polypropylene,KG,Reference to HS/CN: 3902 10,8481975833.0,718119208.0,False,7.805562929510176
2011,C20,20165130,"Polypropylene, in primary forms",8085197262,KG,,39021000,8860094.8,Polypropylene,KG,Reference to HS/CN: 3902 10,8085197262.0,886009480.0000001,False,9.87614604679679
2012,C20,20165130,"Polypropylene, in primary forms",8412802251,KG,:R,39021000,9681948.38,Polypropylene,KG,Reference to HS/CN: 3902 10,8412802251.0,968194838.0000001,False,10.320809491938647
2013,C20,20165130,"Polypropylene, in primary forms",8573432754,KG,:R,39021000,9003292.32,Polypropylene,KG,Reference to HS/CN: 3902 10,8573432754.0,900329232.0,False,9.503397207260175
2014,C20,20165130,"Polypropylene, in primary forms",9176596491,KG,,39021000,9089349.44,Polypropylene,KG,Reference to HS/CN: 3902 10,9176596491.0,908934944.0,False,9.012266233643443
2015,C20,20165130,"Polypropylene, in primary forms",9359309108,KG,:E,39021000,10940917.11,Polypropylene,KG,Reference to HS/CN: 3902 10,9359309108.0,1094091711.0,False,10.466370992025768
2016,C20,20165130,"Polypropylene, in primary forms",9780319130,KG,,39021000,12932700.24,Polypropylene,KG,Reference to HS/CN: 3902 10,9780319130.0,1293270024.0,False,11.678869479574699
2017,C20,20165130,"Polypropylene, in primary forms",11253841595,KG,,39021000,13318058.09,Polypropylene,KG,Reference to HS/CN: 3902 10,11253841595.0,1331805809.0,False,10.581941208496929
2018,C20,20165130,"Polypropylene, in primary forms",9960226758,KG,,39021000,12894364.94,Polypropylene,KG,Reference to HS/CN: 3902 10,9960226758.0,1289436494.0,False,11.462000818297916
2019,C20,20165130,"Polypropylene, in primary forms",9673911407,KG,,39021000,13669772.29,Polypropylene,KG,Reference to HS/CN: 3902 10,9673911407.0,1366977229.0,False,12.38104353795241
2020,C20,20165130,"Polypropylene, in primary forms",9332585047,KG,,39021000,13423484.49,Polypropylene,KG,Reference to HS/CN: 3902 10,9332585047.0,1342348449.0,False,12.574771070030467
2021,C20,20165130,"Polypropylene, in primary forms",10041384360,KG,:E,39021000,17661545.89,Polypropylene,KG,Reference to HS/CN: 3902 10,10041384360.0,1766154589.0,False,14.957855287443948
2022,C20,20165130,"Polypropylene, in primary forms",9555914244,KG,:E,39021000,15038063.88,Polypropylene,KG,Reference to HS/CN: 3902 10,9555914244.0,1503806388.0,False,13.597146239380706
2008,C23,23511100,Cement clinker,14501813897,KG,:R,25231000,85415685.0,Cement clinker,KG,Reference to HS/CN: 2523 10,14501813897.0,8541568500.0,False,37.06733826155669
2009,C23,23511100,Cement clinker,14025550009,KG,:R,25231000,43688997.0,Cement clinker,KG,Reference to HS/CN: 2523 10,14025550009.0,4368899700.0,False,23.751184564452576
2010,C23,23511100,Cement clinker,14894800035,KG,:R,25231000,27849910.16,Cement clinker,KG,Reference to HS/CN: 2523 10,14894800035.0,2784991016.0,False,15.752397796819414
2011,C23,23511100,Cement clinker,12808505715,KG,,25231000,18929022.95,Cement clinker,KG,Reference to HS/CN: 2523 10,12808505715.0,1892902295.0,False,12.875653091951701
2012,C23,23511100,Cement clinker,15893468490,KG,:R,25231000,11699841.38,Cement clinker,KG,Reference to HS/CN: 2523 10,15893468490.0,1169984138.0,False,6.856667073814435
2013,C23,23511100,Cement clinker,16689194958,KG,:R,25231000,11626111.05,Cement clinker,KG,Reference to HS/CN: 2523 10,16689194958.0,1162611105.0,False,6.512568537306992
2014,C23,23511100,Cement clinker,19571931788,KG,,25231000,9709148.37,Cement clinker,KG,Reference to HS/CN: 2523 10,19571931788.0,970914836.9999999,False,4.726291612470235
2015,C23,23511100,Cement clinker,17535309630,KG,,25231000,10515888.78,Cement clinker,KG,Reference to HS/CN: 2523 10,17535309630.0,1051588877.9999999,False,5.65768881530926
2016,C23,23511100,Cement clinker,16137551545,KG,:R,25231000,7628672.19,Cement clinker,KG,Reference to HS/CN: 2523 10,16137551545.0,762867219.0,False,4.513895363498343
2017,C23,23511100,Cement clinker,16962516496,KG,,25231000,10694105.85,Cement clinker,KG,Reference to HS/CN: 2523 10,16962516496.0,1069410585.0,False,5.93065056328241
2018,C23,23511100,Cement clinker,14752337178,KG,,25231000,11232070.57,Cement clinker,KG,Reference to HS/CN: 2523 10,14752337178.0,1123207057.0,False,7.075077492611075
2019,C23,23511100,Cement clinker,12648382627,KG,:E,25231000,21656480.54,Cement clinker,KG,Reference to HS/CN: 2523 10,12648382627.0,2165648054.0,False,14.618898128634164
2020,C23,23511100,Cement clinker,13195916394,KG,:E,25231000,25025704.64,Cement clinker,KG,Reference to HS/CN: 2523 10,13195916394.0,2502570464.0,False,15.941475676203034
2021,C23,23511100,Cement clinker,10841951349,KG,:E,25231000,48756438.87,Cement clinker,KG,Reference to HS/CN: 2523 10,10841951349.0,4875643887.0,False,31.020291678161396
2022,C23,23511100,Cement clinker,10155156954,KG,:E,25231000,59095274.66,Cement clinker,KG,Reference to HS/CN: 2523 10,10155156954.0,5909527466.0,False,36.785829783514664
2008,C23,23631000,Ready-mixed concrete,769525530865,KG,:E,38245010,3485192.0,Ready-mixed concrete,KG,Reference to HS/CN: 3824 50 10,769525530865.0,348519200.0,False,0.04526963858186605
2009,C23,23631000,Ready-mixed concrete,669896499382,KG,:E,38245010,966137.0,Ready-mixed concrete,KG,Reference to HS/CN: 3824 50 10,669896499382.0,96613700.0,False,0.014420103447865667
2010,C23,23631000,Ready-mixed concrete,630848225800,KG,:E,38245010,602191.81,Ready-mixed concrete,KG,Reference to HS/CN: 3824 50 10,630848225800.0,60219181.00000001,False,0.009544836731708913
2011,C23,23631000,Ready-mixed concrete,560813226210,KG,:E,38245010,539058.14,Ready-mixed concrete,KG,Reference to HS/CN: 3824 50 10,560813226210.0,53905814.0,False,0.009611155819644878
2012,C23,23631000,Ready-mixed concrete,492559090522,KG,:E,38245010,1057519.16,Ready-mixed concrete,KG,Reference to HS/CN: 3824 50 10,492559090522.0,105751915.99999999,False,0.021465285705526766
2013,C23,23631000,Ready-mixed concrete,458897728763,KG,:E,38245010,1116550.22,Ready-mixed concrete,KG,Reference to HS/CN: 3824 50 10,458897728763.0,111655022.0,False,0.024325215549906756
2014,C23,23631000,Ready-mixed concrete,453074041885,KG,:R,38245010,493540.53,Ready-mixed concrete,KG,Reference to HS/CN: 3824 50 10,453074041885.0,49354053.0,False,0.01089196749548395
2015,C23,23631000,Ready-mixed concrete,465451703415,KG,:E,38245010,419838.83,Ready-mixed concrete,KG,Reference to HS/CN: 3824 50 10,465451703415.0,41983883.0,False,0.00901921640306214
2016,C23,23631000,Ready-mixed concrete,472807501584,KG,:E,38245010,521577.48,Ready-mixed concrete,KG,Reference to HS/CN: 3824 50 10,472807501584.0,52157748.0,False,0.011030280754692054
2017,C23,23631000,Ready-mixed concrete,511224846645,KG,:R,38245010,569816.14,Ready-mixed concrete,KG,Reference to HS/CN: 3824 50 10,511224846645.0,56981614.0,False,0.011144854139258559
2018,C23,23631000,Ready-mixed concrete,518053580417,KG,:E,38245010,380302.31,Ready-mixed concrete,KG,Reference to HS/CN: 3824 50 10,518053580417.0,38030231.0,False,0.007340445245278902
2019,C23,23631000,Ready-mixed concrete,547543140152,KG,:E,38245010,374837.25,Ready-mixed concrete,KG,Reference to HS/CN: 3824 50 10,547543140152.0,37483725.0,False,0.006845334433969994
2020,C23,23631000,Ready-mixed concrete,512530037989,KG,:E,38245010,211783.72,Ready-mixed concrete,KG,Reference to HS/CN: 3824 50 10,512530037989.0,21178372.0,False,0.004131952344267514
2021,C23,23631000,Ready-mixed concrete,570000000000,KG,:R,38245010,420650.23,Ready-mixed concrete,KG,Reference to HS/CN: 3824 50 10,570000000000.0,42065023.0,False,0.007379284017979053
2022,C23,23631000,Ready-mixed concrete,540000000000,KG,:R,38245010,690398.9,Ready-mixed concrete,KG,Reference to HS/CN: 3824 50 10,540000000000.0,69039890.0,False,0.012783530419381545
