sector,year,production_eur,product_rows,confidential_product_rows,estimated_or_revised_rows,ppi_2020,production_million_2020_eur,domestic_emissions_mt,extra_eu_import_million_2020_eur,extra_eu_embodied_import_carbon_mtco2e,production_million_2020_eur_yoy_pct,production_million_2020_eur_index_2008_100,domestic_emissions_mt_yoy_pct,domestic_emissions_mt_index_2008_100,extra_eu_import_million_2020_eur_yoy_pct,extra_eu_import_million_2020_eur_index_2008_100,extra_eu_embodied_import_carbon_mtco2e_yoy_pct,extra_eu_embodied_import_carbon_mtco2e_index_2008_100
C17,2008,143255161839.0,105.0,0.0,0.0,93.56719899515524,153104.04006688017,39.63763622,13435.63433850337,,,100.0,,100.0,,100.0,,
C17,2009,118999054046.0,105.0,0.0,0.0,89.22483402117352,133369.87997955916,36.40735342,11869.298964646729,,-12.889379064524075,87.11062093547592,-8.149534402281267,91.85046559771874,-11.658067899093483,88.34193210090652,,
C17,2010,134785298753.0,104.0,0.0,0.0,93.17243854297507,144662.1993164119,38.76238119,13733.639044709278,,8.466918721516015,94.48620640789058,6.468549753760144,97.79185866396753,15.707246785303619,102.21801739090127,,
C17,2011,141626255991.0,104.0,0.0,0.0,98.21460613673067,144200.80837450313,36.450988169999995,13325.824208709282,,-0.3189436798894385,94.18484862418532,-5.962979953863878,91.96054973532425,-2.9694594030931776,99.18269486183173,,
C17,2012,139358661186.0,104.0,0.0,0.0,97.53274717387401,142883.9699732459,35.24507976,12423.283848972256,,-0.9131976554786592,93.32475479473314,-3.3083010105950494,88.91821793908174,-6.772867070744926,92.46518278165732,,
C17,2013,142390939845.0,104.0,0.0,0.0,97.41611340391171,146167.74871176737,35.12870186,11773.210271739837,,2.2982135358755373,95.46955694174835,-0.3301961601235526,88.62461339779661,-5.23270324606,87.62675416076621,,
C17,2014,138329338963.0,104.0,0.0,0.0,97.57760631616723,141763.4067746964,33.59276588,11957.978182594696,,-3.013210489925533,92.59285823729415,-4.372310670975644,84.74966996909384,1.5693927704525157,89.00196210554748,,
C17,2015,140707705744.0,104.0,0.0,0.0,98.19666247981337,143291.739444735,33.81523061,13036.29824786907,,1.0780868665688725,93.59108968133114,0.6622399917728838,85.31091617652471,9.01757846358937,97.0277838725493,,
C17,2016,142934203390.0,104.0,0.0,0.0,98.106944195227,145692.2387731998,34.18220223,12750.372441512203,,1.675253114915698,95.15897732650119,1.085225838712689,86.23673228211489,-2.1933051923202607,94.8996684508794,,
C17,2017,147410740347.0,104.0,0.0,0.0,99.28225372330878,148476.42435456914,34.10093202,12998.125537969961,,1.9110047349217618,96.97746988891373,-0.2377559217898284,86.03169934435611,1.9431047806190538,96.74366844534008,,
C17,2018,153904765597.0,104.0,0.0,0.0,104.3333931455231,147512.47031938785,33.31937905,13452.93007720521,,-0.6492303672934074,96.34786270496208,-2.291881551922459,84.05995469827742,3.4990009744611195,100.12873034697196,,
C17,2019,156056355670.0,106.0,0.0,0.0,103.63359052574914,150584.72342635444,33.87551721,12933.660347651981,,2.082707380816462,98.35450675277725,1.6691132183629165,85.46301051349626,-3.85990060583965,96.26386087768964,,
C17,2020,141698936611.0,106.0,0.0,0.0,100.0,141698.936611,31.13942752,11818.114602,,-5.900855420902074,92.55074950935449,-8.076894215484653,78.56025356095265,-8.625135620284796,87.96097232366662,,
C17,2021,162962372254.0,106.0,0.0,0.0,107.65296967521982,151377.49822010865,32.24613231,12819.092789168235,,6.830369966486605,98.8723081075997,3.55403062336066,81.35230903029868,8.469863602429761,95.4111467028522,,
C17,2022,201608529830.0,106.0,0.0,0.0,136.0039476045218,148237.2632419803,28.61109226,14236.515126678476,,-2.074439738436107,96.82126165790666,-11.27279394333044,72.18163086517171,11.057118946107657,105.96087068163183,,
C19,2008,296292156.0,1.0,0.0,0.0,125.63640459562966,235.8330429413663,155.03669547,317320.3390093544,102.077,,100.0,,100.0,,100.0,,100.0
C19,2009,290325109.0,1.0,0.0,0.0,95.14530299617032,305.1386667103113,147.73324409999998,281444.9112522955,75.466,29.38757983383018,129.3875798338302,-4.710788854122128,95.28921114587787,-11.305744809506635,88.69425519049337,-26.06953574262567,73.93046425737433
C19,2010,341327922.0,1.0,0.0,0.0,116.51272809191259,292.9533344466357,145.58922532,278112.1064698623,90.199,-3.9933753381848347,124.2206481300718,-1.451277126594952,93.90630062040498,-1.1841766005303844,87.64395857451284,19.522698963771767,88.3636862368604
C19,2011,423861758.0,1.0,0.0,0.0,141.67605316512729,299.1767123170616,144.52615103,279598.56599270547,110.14,2.1243580934763084,126.85953952239171,-0.730187476211519,93.22060857390125,0.534482134456904,88.11239987502442,22.107783900043245,107.89893903621777
C19,2012,409422942.0,1.0,0.0,0.0,154.21266050912362,265.49243145686955,140.60800912,278648.75798614504,96.058,-11.258991583707923,112.57643464443498,-2.7110262620822834,90.69337339378986,-0.3397041766606268,87.81307837249305,-12.785545669148346,94.1034709092156
C19,2013,365431115.0,1.0,0.0,0.0,146.37305699481868,249.65736352212383,136.78741039,272488.99189368763,102.047,-5.964414069302082,105.86190993778364,-2.717198510889496,88.22905440245835,-2.2105844422115384,85.87189612376369,6.234774823544087,99.97061042154452
C19,2014,353327787.0,1.0,0.0,0.0,137.41833746339267,257.1183682775409,134.01737330999998,260031.26529596825,92.648,2.9884977755746833,109.02559076145519,-2.025067271982306,86.4423566973747,-4.571827474990187,81.94598118348244,-9.21046184601213,90.76285549144274
C19,2015,338983390.0,1.0,0.0,0.0,110.7456634377112,306.0917958116355,138.1133566,261071.12555411493,83.808,19.047035753288256,129.79173401402332,3.0563076926791277,89.08430109484969,0.39989816492378427,82.27368165846397,-9.541490372161288,82.10272637322807
C19,2016,330037759.0,1.0,0.0,0.0,98.29916647893671,335.7482782630915,134.66290721000001,254441.8259365446,84.132,9.688754438131419,142.36693640363472,-2.4982735015217084,86.85873160658124,-2.5392695586307634,80.18453110534583,0.3865979381443285,82.42013382054724
C19,2017,463150492.0,1.0,0.0,0.0,111.81572426222124,414.2087305304724,133.95344519,263192.61066942214,90.041,23.368832350615797,175.63642709450792,-0.5268429404198471,86.40112251097375,3.4392084322881322,82.94224426051157,7.023486901535669,88.20890112366155
C19,2018,572436433.0,1.0,0.0,0.0,127.87790042802432,447.64297121236683,130.11569282,268498.7934899107,97.359,8.071833888936997,189.81350773804056,-2.8649896720136736,83.92573927453046,2.016083508952815,84.6144291690031,8.127408624959731,95.37799896156822
C19,2019,556452070.0,1.0,0.0,0.0,125.94052714575355,441.8371771272695,130.50681659,259274.8453691294,92.598,-1.2969697858481455,187.35168389321964,0.3005969238015549,84.17801746506743,-3.4353778655351386,81.70760379828226,-4.890148830616581,90.7138728606836
C19,2020,382507812.0,1.0,0.0,0.0,100.0,382.507812,119.75536113999999,221371.283999,80.646,-13.427879816048149,162.19432494669567,-8.238232860875582,77.24323636862664,-14.619066233041666,69.76271508158011,-12.907406207477479,79.00506480402049
C19,2021,500000000.0,1.0,0.0,0.0,135.17684163099796,369.8858428464295,119.91615336000001,269396.57073559205,100.994,-3.299793823183539,156.84224663055036,0.13426724154090852,77.34694873137572,21.694451904073063,84.89735375192903,25.23125759492102,98.93903621775718
C19,2022,1000000000.0,1.0,0.0,0.0,210.01351655778328,476.15982837221776,122.97573122,342857.7130075685,133.485,28.7315634218289,201.90547619342826,2.551430957608214,79.3204027260734,27.26877408698616,108.04782135237201,32.1712180921639,130.76892933765689
C20,2008,362547639353.0,534.0,0.0,0.0,96.06299212598425,377406.1491625492,199.66489651999999,131749.61783667243,126.203,,100.0,,100.0,,100.0,,100.0
C20,2009,301775103033.0,534.0,0.0,0.0,90.89141635073393,332017.1641604782,170.18907140000002,132614.41063697645,95.458,-12.026562127508388,87.97343787249162,-14.762647632979109,85.23735236702089,0.656391126216449,100.65639112621645,-24.36154449577269,75.63845550422731
C20,2010,344823650059.0,533.0,0.0,0.0,95.62554680664917,360597.8335017722,176.28185334999998,144111.08260620566,107.695,8.608190306534791,95.54635882375683,3.5800077524836604,88.28885618977206,8.669247869826613,109.38254316977034,12.81925035093967,85.33473847689832
C20,2011,385406972276.0,533.0,0.0,0.0,104.65636239914453,368259.47648181434,173.55761574000002,143079.09545974806,111.215,2.124705771424029,97.57643782407071,-1.5453874339470985,86.92445130063969,-0.7161053319386879,108.59924894592147,3.2684897163285376,88.12389562847159
C20,2012,400529309977.0,535.0,0.0,0.0,107.30047632934769,373278.2217551549,168.48538235,146930.79452060937,102.935,1.36282854722094,98.90623737409844,-2.9225069544620452,84.38407816625052,2.6920068571057554,111.52274817431103,-7.445038888639122,81.56303732874812
C20,2013,393110594291.0,536.0,0.0,0.0,106.68805288227855,368467.3060110723,161.58534866,146471.38169542656,97.31,-1.2888284029702213,97.63150569451192,-4.09533076030677,80.92827105630677,-0.31267293332328805,111.17404672627167,-5.464613591101175,77.10593250556643
C20,2014,388358056817.0,536.0,0.0,0.0,104.97715563332362,369945.30331294367,157.24386571000002,153691.60608606008,105.181,0.4011203376146799,98.02312551977204,-2.686804828533751,78.75388636191704,4.929443763729413,116.65430883950549,8.088582879457395,83.34270976125765
C20,2015,381011535515.0,534.0,0.0,0.0,100.63186546126177,378619.17173906544,156.56900806,174208.81721262407,88.955,2.344635368646486,100.32141039016133,-0.4291789997357687,78.41589122017592,13.349597710024131,132.2271897809886,-15.426740571015674,70.48564614153388
C20,2016,368584549364.0,536.0,0.0,0.0,97.2100709633518,379162.92593074683,156.27531019999998,181718.36678332047,85.728,0.14361507083326952,100.4654870547541,-0.1875836499439676,78.26879582928902,4.31065986834116,137.92705418591297,-3.6276769152942534,67.92865462786145
C20,2017,398095070418.0,531.0,0.0,0.0,101.6622922134733,391585.7706435233,161.00952728000001,182747.36980513227,96.057,3.276386973299572,103.75712518527804,3.029408211662621,80.63987715731095,0.5662625303246127,138.70808341294833,12.048572228443465,76.11308764450925
C20,2018,403211243982.0,531.0,0.0,0.0,105.13269174686496,383526.03484445997,156.57643421999998,184012.6522797085,106.693,-2.058229997943528,101.62156490971081,-2.7533110213352585,78.4196105319475,0.69236699599311,139.66845240327422,11.072592314979634,84.5407795377289
C20,2019,398987384569.0,573.0,0.0,0.0,104.58831534947022,381483.7089935219,148.72907554,197784.7097763058,97.737,-0.5325129627161584,101.0804169036516,-5.011838926523227,74.48934596527945,7.484299218546697,150.12165729504875,-8.394177687383431,77.44427628503284
C20,2020,371886853665.0,567.0,0.0,0.0,100.0,371886.853665,148.71623951,210022.717573,89.973,-2.5156658337630033,98.53757139098123,-0.008630477903115441,74.48291717873575,6.187539881386872,159.4104947107788,-7.943767457564688,71.29228306775592
C20,2021,457218173361.0,577.0,0.0,0.0,116.65208515602214,391950.27911371726,150.70338664,202647.07337443586,109.712,5.395034874448834,103.85370773195959,1.3362004960234097,75.47815828753072,-3.5118316169775787,153.8122665567453,21.938803863381253,86.93295721971744
C20,2022,549042696403.0,602.0,0.0,0.0,151.35608048993873,362749.01849053707,130.22668945,219005.86802726792,139.34,-7.450246161122898,96.11635085847547,-13.587416743934677,65.22262637035723,8.072554111159324,166.22884500413917,27.005250109377286,110.40941974438007
C23,2008,176872883667.0,161.0,0.0,0.0,90.31346351490237,195843.31813142647,239.66306919000002,18733.959063158665,33.841,,100.0,,100.0,,100.0,,100.0
C23,2009,141628106605.0,161.0,0.0,0.0,90.62178828365879,156284.82872318118,196.20257752000003,12973.447078139765,24.712,-20.199049824972015,79.80095017502798,-18.1339961208397,81.8660038791603,-30.749036899238536,69.25096310076147,-26.97615318696256,73.02384681303744
C23,2010,140456822747.0,162.0,0.0,0.0,89.5255224391915,156890.25757141222,197.96637837,16192.739642021863,26.894,0.3873881125745049,80.11008956972755,0.8989692552944017,82.60195408457207,24.814473319944398,86.43522486320445,8.82971835545483,79.47164681894743
C23,2011,146304104887.0,155.0,0.0,0.0,90.99006509078453,160791.295995916,196.81425969,16983.140740406296,25.025,2.4864758875981385,82.1020076304121,-0.5819769445126077,82.12122975608297,4.881206737452004,90.65430688275899,-6.949505465903172,73.9487603794214
C23,2012,139406087692.0,154.0,0.0,0.0,92.53168893456665,150657.67122286116,184.95907634999998,15952.269369189815,24.213,-6.302346597985153,76.92765454563931,-6.023538822173247,77.17462560047922,-6.069968959062033,85.15161859492267,-3.2447552447552375,71.54930409857865
C23,2013,136137992388.0,154.0,0.0,0.0,92.85714285714285,146610.14564861538,173.48249497,14601.10835754816,24.441,-2.6865711791459024,74.86093834982324,-6.204930088579552,72.38599403584647,-8.470023796434155,77.93925623688386,0.9416429190930442,72.22304305428327
C23,2014,139885996057.0,152.0,0.0,0.0,92.79719081877357,150743.78310674036,176.49010484,15739.473086598211,28.268,2.819475718980713,76.97162432959765,1.7336676363342018,73.64092658768475,7.796426827156333,84.0157333190224,15.658115461724154,83.53181052569369
C23,2015,142294228509.0,152.0,0.0,0.0,92.56594724220624,153722.003337443,175.22830284,16908.059129196245,27.612,1.9756836197972971,78.4923401033694,-0.7149420649638638,73.11443662648021,7.424556312454045,90.25352875061444,-2.3206452525824317,81.59333353033303
C23,2016,138781051869.0,152.0,0.0,0.0,92.49743062692704,150037.7371872633,175.99617519,17118.39988858859,27.858,-2.396707088244343,76.61110862438309,0.438212513363867,73.43483323685295,1.2440266371504194,91.37630668924028,0.8909169926119231,82.32026240359328
C23,2017,154161463278.0,147.0,0.0,0.0,93.4652278177458,164939.91067845028,178.71610961,18183.922124880766,33.318,9.932283551162513,84.22034116464594,1.5454508696360225,74.56973250572764,6.2244266007740245,97.0639578296102,19.599396941632552,98.45453739546703
C23,2018,153247652507.0,147.0,0.0,0.0,95.73484069886948,160075.11099228234,182.35078088999998,19322.936986377623,36.923,-2.949437565570079,81.73631478448459,2.0337681297627253,76.08630795987845,6.263856904327381,103.14390525373365,10.81997718950718,109.10729588369139
C23,2019,161674753354.0,147.0,0.0,0.0,98.62966769441587,163921.01599177704,179.26242116999998,19800.132043109374,35.848,2.4025627567299424,83.70008104222018,-1.6936366847055129,74.79768233623194,2.469578289615937,105.69112474494189,-2.911464398884167,105.9306758074525
C23,2020,155577056722.0,147.0,0.0,0.0,100.0,155577.056722,172.09849398,17624.299812,38.669,-5.090231547976498,79.4395531113272,-3.996335173452892,71.80851624810154,-10.988978388487979,94.07674988817037,7.869337201517523,114.26671788658726
C23,2021,172315467209.0,147.0,0.0,0.0,102.7749229188078,167662.949594357,178.86051387,21805.59281500025,44.07,7.768428794711824,85.61075822961793,3.9291569226548972,74.6299855353196,23.724590750285014,116.39607379030798,13.967260596343344,130.22664814869535
C23,2022,207109562906.0,148.0,0.0,0.0,120.79479273723881,171455.7045157725,169.08143361999998,23679.418610164535,51.412,2.2621306201469515,87.54738540567008,-5.467433833443913,70.54964045626724,8.593326542698998,126.39836849399005,16.659859314726578,151.922224520552
C24,2008,373500149215.0,264.0,0.0,0.0,101.87035069075452,366642.64595380245,218.90571181,104220.7076343145,,,100.0,,100.0,,100.0,,
C24,2009,213055379592.0,264.0,0.0,0.0,85.45164718384697,249328.58126610122,152.7816799,65366.42272026009,,-31.996841061004943,68.00315893899506,-30.206627028257994,69.793372971742,-37.28077250289337,62.71922749710663,,
C24,2010,273388225708.0,264.0,0.0,0.0,96.07863974495217,284546.3116814822,187.34599123,81437.75318942449,,14.125027398200318,77.60862377076982,22.6233350442431,85.5829615778174,24.58652286655294,78.13970470740811,,
C24,2011,314860289830.0,264.0,0.0,0.0,105.23910733262485,299185.6333737555,186.31878656,89105.53813507747,,5.144794042756873,81.60142762319398,-0.5482928475042392,85.11371632080393,9.415516324250351,85.49696135985513,,
C24,2012,336510564032.0,264.0,0.0,0.0,102.18916046758768,329301.6230803993,174.78522728,80201.38265255294,,10.065987917615548,89.81541746834651,-6.1902288507476255,79.84498249717004,-9.992819379000306,76.95340443663113,,
C24,2013,312996044426.0,263.0,0.0,0.0,97.53453772582358,320907.907828357,172.24235241,81372.88622838362,,-2.5489443913226495,87.52607242224406,-1.4548568603720669,78.68335229164708,1.4607024680682201,78.07746471449953,,
C24,2014,306059216485.0,263.0,0.0,0.0,95.67481402763016,319895.2823640842,170.9779092,86939.4485990491,,-0.31555017485402903,87.2498837476728,-0.7341070255416415,78.10573227454242,6.84080733604826,83.4185936484895,,
C24,2015,305281629774.0,263.0,0.0,0.0,93.97449521785333,324855.8335602556,174.24432572,92686.25985224197,,1.5506796972784453,88.602849980847,1.910431900403653,79.59788909995915,6.610130781592893,88.9326717848202,,
C24,2016,287518097654.0,263.0,0.0,0.0,89.96811902231667,319577.7579641082,173.98060827999998,93996.22888582763,,-1.6247439789836449,87.16328051057528,-0.1513492269606509,79.47741831012937,1.4133368156984405,90.18958997633932,,
C24,2017,340133890166.0,263.0,0.0,0.0,100.71200850159406,337729.2293407259,177.57021062,99813.71722368363,,5.679829376190915,92.11400612226662,2.0632197895428694,81.11721213292174,6.189065675094474,95.77148293207341,,
C24,2018,347117722381.0,263.0,0.0,0.0,105.47290116896917,329106.072302792,174.94201621,107438.99478180673,,-2.553275313116077,89.76208194402456,-1.4800874543221432,79.91660645284648,7.639508646927529,103.08795365195986,,
C24,2019,326721570196.0,306.0,0.0,0.0,103.37938363443145,316041.3214992147,167.71744493,101169.00016036494,,-3.969768990332445,86.19873464993387,-4.129694762021973,76.61629454217757,-5.835864933560908,97.07187991405962,,
C24,2020,289852622158.0,302.0,0.0,0.0,100.0,289852.622158,146.39087948,86958.15002,,-8.286479507484202,79.05589416745642,-12.71577053830092,66.87394233324551,-14.04664483966338,83.43653770334714,,
C24,2021,392215228216.0,331.0,0.0,0.0,127.52391073326248,307562.1081260467,167.23149546000002,100845.29508430476,,6.109824308711342,83.88607040676878,14.23628032977784,76.3943042313803,15.969917783566888,96.76128417602646,,
C24,2022,469990055184.0,347.0,0.0,0.0,159.34112646121147,294958.41131662263,150.51720041,107847.42078894493,,-4.09793549869244,80.44847334911167,-9.994705246176494,68.7589186985865,6.943433205075689,103.47983931116231,,
